name,team1,team2,venue,date,career_avg,career_sr,last_5_avg,last_5_sr,venue_avg,career_wickets,career_eco,last_5_wkts,venue_wickets,role,predicted_points
Rohit Sharma,MI,CSK,Mumbai,2024-04-20,32.5,133.2,45.3,145.0,37.2,,,,,batsman,75.10273742675781
Virat Kohli,RCB,GT,Bangalore,2024-04-20,42.7,130.8,47.5,129.0,43.0,,,,,batsman,65.30490112304688
Shubman Gill,GT,RCB,Ahmedabad,2024-04-20,41.8,136.7,48.0,142.3,44.1,,,,,batsman,64.4736328125
Faf du Plessis,RCB,GT,Bangalore,2024-04-20,36.1,135.0,41.2,132.6,39.8,,,,,batsman,60.80400085449219
Andre Russell,KKR,PBKS,Kolkata,2024-04-20,30.2,168.5,38.0,175.0,32.1,1.5,9.0,1.6,1.4,allrounder,54.024688720703125
David Warner,DC,SRH,Delhi,2024-04-20,39.6,141.5,40.1,138.2,38.3,,,,,batsman,52.868228912353516
Rashid Khan,GT,RCB,Ahmedabad,2024-04-20,,,,,,2.0,6.6,2.2,2.1,bowler,50.33055877685547
Yuzvendra Chahal,RR,DC,Jaipur,2024-04-20,,,,,,1.9,7.4,2.0,1.8,bowler,48.903785705566406
Shivam Dube,CSK,MI,Chennai,2024-04-20,26.4,134.2,35.1,142.2,28.0,0.2,10.1,0.4,0.1,allrounder,48.658302307128906
Harshal Patel,RCB,GT,Bangalore,2024-04-20,,,,,,1.8,8.3,2.1,1.7,bowler,47.00932693481445
Kuldeep Yadav,DC,RR,Delhi,2024-04-20,,,,,,1.4,7.1,1.7,1.6,bowler,46.523685455322266
